k,T,best_cost,current_cost
0,200,604.4547229710716,604.4547229710716
1,199.00247096239693,604.4547229710716,1450.38564812103
2,198.00991724569818,604.4547229710716,1336.1567944346252
3,197.02231403476839,604.4547229710716,1290.7214746534428
4,196.03963663824123,604.4547229710716,1400.2579383044333
5,195.0618604879022,604.4547229710716,1349.6622449499935
6,194.08896113807444,604.4547229710716,1234.539114243286
7,193.12091426500723,604.4547229710716,1216.6690350797583
8,192.15769566626824,604.4547229710716,1232.8491454815182
9,191.19928126013826,604.4547229710716,1291.51818302825
10,190.24564708500915,604.4547229710716,1353.9391110435356
11,189.29676929878477,604.4547229710716,1340.6218547324556
12,188.35262417828483,604.4547229710716,1329.0382109755087
13,187.41318811865196,604.4547229710716,1477.6562730201651
14,186.47843763276134,604.4547229710716,1137.6116144768769
15,185.54834935063369,604.4547229710716,1400.2596799184162
16,184.62290001885083,604.4547229710716,1238.615030340553
17,183.70206649997436,604.4547229710716,1486.289760590481
18,182.78582577196732,604.4547229710716,1398.2501645199716
19,181.87415492761835,604.4547229710716,1470.1570001340888
20,180.96703117396927,604.4547229710716,1600.1072178725826
21,180.064431831745,604.4547229710716,1208.238367251091
22,179.16633433478668,604.4547229710716,1220.7460574822285
23,178.27271622948743,604.4547229710716,1261.917126759881
24,177.38355517423102,604.4547229710716,1363.6383794342485
25,176.4988289388332,604.4547229710716,1429.0011298277411
26,175.61851540398612,604.4547229710716,1183.2743619560417
27,174.74259256070502,604.4547229710716,1450.0919162738141
28,173.87103850977832,604.4547229710716,1551.3054089091045
29,173.00383146121982,604.4547229710716,1379.1596536168345
30,172.14094973372403,604.4547229710716,1250.4475124734224
31,171.28237175412423,604.4547229710716,1446.4753190484316
32,170.42807605685292,604.4547229710716,1322.0025246088258
33,169.57804128340527,604.4547229710716,1320.844918542261
34,168.732246181805,604.4547229710716,1558.969014870673
35,167.89066960607332,604.4547229710716,1324.0427029613347
36,167.05329051569993,604.4547229710716,1170.8718281308663
37,166.22008797511717,604.4547229710716,1227.6613274979698
38,165.39104115317662,604.4547229710716,1378.907007661113
39,164.56612932262814,604.4547229710716,1276.844622200474
40,163.74533185960183,604.4547229710716,1300.4772254519457
41,162.9286282430923,604.4547229710716,1333.527688866401
42,162.11599805444573,604.4547229710716,1428.6055104260722
43,161.30742097684916,604.4547229710716,1096.5238628820725
44,160.5028767948228,604.4547229710716,1301.0385898089855
45,159.7023453937145,604.4547229710716,1442.1834328297577
46,158.9058067591968,604.4547229710716,1017.5101821591463
47,158.11324097676658,604.4547229710716,1524.090957016779
48,157.32462823124732,604.4547229710716,1289.5413887436355
49,156.53994880629344,604.4547229710716,1455.1501279639215
50,155.75918308389757,604.4547229710716,1405.8700961893683
51,154.98231154389995,604.4547229710716,1459.955635030272
52,154.20931476350054,604.4547229710716,1185.1885575812048
53,153.44017341677323,604.4547229710716,1420.5625596980308
54,152.67486827418284,604.4547229710716,1435.2352615818174
55,151.91338020210424,604.4547229710716,1548.915901430059
56,151.15569016234406,604.4547229710716,1359.7816032355634
57,150.40177921166472,604.4547229710716,1304.8936280885227
58,149.6516285013107,604.4547229710716,1290.0319120232462
59,148.9052192765375,604.4547229710716,1339.7410280107613
60,148.1625328761425,604.4547229710716,1341.3413616511261
61,147.42355073199866,604.4547229710716,1479.7922914395187
62,146.68825436859007,604.4547229710716,1318.080760571753
63,145.9566254025502,604.4547229710716,1380.4568152721865
64,145.22864554220223,604.4547229710716,1422.0917837200852
65,144.5042965871017,604.4547229710716,1332.5709054143817
66,143.7835604275815,604.4547229710716,1295.4299244740093
67,143.06641904429918,604.4547229710716,1336.4034925474284
68,142.35285450778628,604.4547229710716,1491.681102379236
69,141.64284897800027,604.4547229710716,1546.1839907557733
70,140.9363847038784,604.4547229710716,1474.6443697539357
71,140.2334440228938,604.4547229710716,1453.210033523432
72,139.5340093606142,604.4547229710716,1277.7229506943982
73,138.83806323026224,604.4547229710716,1537.2537112508526
74,138.14558823227847,604.4547229710716,1335.7355636400757
75,137.4565670538862,604.4547229710716,1298.2728707821595
76,136.7709824686588,604.4547229710716,1413.8124341419243
77,136.08881733608885,604.4547229710716,1324.3103604835765
78,135.41005460115983,604.4547229710716,1333.5639393960105
79,134.73467729391945,604.4547229710716,1559.1109993181835
80,134.06266852905563,604.4547229710716,1361.3383605194072
81,133.3940115054742,604.4547229710716,1341.2188667729754
82,132.7286895058789,604.4547229710716,1126.9476047409237
83,132.06668589635328,604.4547229710716,1200.807419127848
84,131.40798412594523,604.4547229710716,1347.254732283439
85,130.75256772625266,604.4547229710716,1447.0352445105543
86,130.10042031101216,604.4547229710716,1387.1421776908792
87,129.45152557568917,604.4547229710716,1496.1809567271596
88,128.80586729707036,604.4547229710716,1459.546197074903
89,128.163429332858,604.4547229710716,1377.0928295287802
90,127.5241956212664,604.4547229710716,1333.702558906781
91,126.8881501806205,604.4547229710716,1317.8071281919636
92,126.25527710895594,604.4547229710716,1236.647819314673
93,125.62556058362193,604.4547229710716,1245.5225028790899
94,124.9989848608853,604.4547229710716,1205.149261155257
95,124.37553427553712,604.4547229710716,1411.1798604424237
96,123.75519324050089,604.4547229710716,1364.4813316730108
97,123.13794624644301,604.4547229710716,1471.036197386082
98,122.52377786138484,604.4547229710716,1258.073767985477
99,121.91267273031706,604.4547229710716,1469.5905008013929
100,121.3046155748156,604.4547229710716,1220.96283053116
101,120.69959119265982,604.4547229710716,1268.2303333961393
102,120.09758445745233,604.4547229710716,1383.3262822703655
103,119.49858031824085,604.4547229710716,1142.67249648574
104,118.90256379914193,604.4547229710716,1286.6489302588436
105,118.30951999896646,604.4547229710716,1364.9839230799462
106,117.71943409084722,604.4547229710716,1268.184754315762
107,117.13229132186811,604.4547229710716,1235.962765479226
108,116.54807701269539,604.4547229710716,1260.6241188697886
109,115.9667765572106,604.4547229710716,1259.5836286760941
110,115.38837542214537,604.4547229710716,1234.0787628815162
111,114.8128591467182,604.4547229710716,1435.2585820741047
112,114.2402133422728,604.4547229710716,1424.766151037396
113,113.67042369191836,604.4547229710716,1170.7717557262658
114,113.10347595017171,604.4547229710716,1227.9718198324579
115,112.53935594260102,604.4547229710716,1354.3200908363995
116,111.97804956547157,604.4547229710716,1225.8142932783394
117,111.419542785393,604.4547229710716,1356.3907254859466
118,110.86382163896857,604.4547229710716,1022.0635505764869
119,110.310872232446,604.4547229710716,1213.6666245815793
120,109.76068074137007,604.4547229710716,1238.9354473090732
121,109.21323341023708,604.4547229710716,1370.61151264842
122,108.66851655215093,604.4547229710716,1446.1991522638646
123,108.12651654848082,604.4547229710716,1410.7386643846673
124,107.58721984852093,604.4547229710716,1399.0254503562019
125,107.05061296915153,604.4547229710716,1464.2826244676894
126,106.51668249450184,604.4547229710716,1348.1053488521409
127,105.98541507561478,604.4547229710716,1298.2375734386037
128,105.45679743011308,604.4547229710716,1444.501025766533
129,104.93081634186727,604.4547229710716,1416.6844284276283
130,104.40745866066526,604.4547229710716,1242.1605843087336
131,103.88671130188347,604.4547229710716,1190.0346970957723
132,103.3685612461599,604.4547229710716,1441.261060703986
133,102.85299553906842,604.4547229710716,1358.798371717234
134,102.34000129079503,604.4547229710716,1265.5445377621659
135,101.82956567581552,604.4547229710716,1237.4457123534603
136,101.32167593257483,604.4547229710716,1308.8083939266933
137,100.81631936316808,604.4547229710716,1475.008753552924
138,100.31348333302297,604.4547229710716,1403.0986791236608
139,99.81315527058396,604.4547229710716,1231.9974752910848
140,99.31532266699801,604.4547229710716,1342.3831220325596
141,98.81997307580177,604.4547229710716,1418.0254523877195
142,98.32709411261045,604.4547229710716,1326.8679224572957
143,97.83667345480816,604.4547229710716,1351.4115433050415
144,97.34869884123987,604.4547229710716,1159.0263608825571
145,96.86315807190479,604.4547229710716,1415.4244958873096
146,96.38003900765149,604.4547229710716,1203.0574799961746
147,95.89932956987425,604.4547229710716,1471.7999062908375
148,95.42101774021118,604.4547229710716,1316.6253607464482
149,94.9450915602437,604.4547229710716,1275.7568023833612
150,94.47153913119757,604.4547229710716,1248.079918979566
151,94.00034861364546,604.4547229710716,1313.2604366666776
152,93.53150822721085,604.4547229710716,1201.9626515057043
153,93.06500625027358,604.4547229710716,1021.9136649226241
154,92.6008310196768,604.4547229710716,1362.0269076184618
155,92.13897093043528,604.4547229710716,1405.655862446132
156,91.67941443544542,604.4547229710716,1215.1607746571597
157,91.2221500451964,604.4547229710716,1352.5569730527081
158,90.76716632748307,604.4547229710716,1379.3335003395034
159,90.31445190712002,604.4547229710716,1247.3127711057148
160,89.86399546565723,604.4547229710716,1222.4212749090102
161,89.41578574109712,604.4547229710716,1315.2871864583394
162,88.96981152761292,604.4547229710716,1313.4206973033201
163,88.5260616752686,604.4547229710716,1367.1763399719441
164,88.08452508974,604.4547229710716,1199.852512798825
165,87.64519073203753,604.4547229710716,1305.0310439886725
166,87.20804761823021,604.4547229710716,1288.7666267736643
167,86.77308481917095,604.4547229710716,1432.1398229267324
168,86.34029146022336,604.4547229710716,1319.069465689238
169,85.90965672098993,604.4547229710716,1284.021077221463
170,85.48116983504144,604.4547229710716,1295.9213144645425
171,85.05482008964778,604.4547229710716,1034.9194277991091
172,84.63059682551014,604.4547229710716,1202.4464935604453
173,84.20848943649452,604.4547229710716,1220.0203798569864
174,83.78848736936655,604.4547229710716,1227.8976133131973
175,83.37058012352765,604.4547229710716,1420.0495390504393
176,82.9547572507525,604.4547229710716,1247.5156502481188
177,82.5410083549278,604.4547229710716,1372.7418299199483
178,82.12932309179241,604.4547229710716,1217.8911134413045
179,81.71969116867868,604.4547229710716,1256.378369726511
180,81.31210234425512,604.4547229710716,1278.404536893242
181,80.90654642827039,604.4547229710716,1056.5002761580895
182,80.50301328129848,604.4547229710716,1398.0514469255515
183,80.10149281448528,604.4547229710716,1176.3530742738744
184,79.70197498929627,604.4547229710716,1179.0949751179492
185,79.30444981726559,604.4547229710716,1351.228727159653
186,78.90890735974632,604.4547229710716,1112.7773835249513
187,78.51533772766193,604.4547229710716,1335.386207940463
188,78.12373108125917,604.4547229710716,1273.639829203429
189,77.73407762986191,604.4547229710716,1134.8224319849176
190,77.34636763162652,604.4547229710716,1191.1284008292373
191,76.96059139329819,604.4547229710716,1246.871003014646
192,76.57673926996858,604.4547229710716,1286.444464000047
193,76.19480166483483,604.4547229710716,1386.4475237402382
194,75.81476902895943,604.4547229710716,1407.090524132509
195,75.43663186103164,604.4547229710716,1416.361102777568
196,75.0603807071299,604.4547229710716,1223.7349393904342
197,74.68600616048538,604.4547229710716,1291.8961339220486
198,74.31349886124696,604.4547229710716,1518.94292368805
199,73.94284949624708,604.4547229710716,1151.9048193106357
200,73.57404879876897,604.4547229710716,1427.3457219507534
201,73.207087548315,604.4547229710716,1082.034675530417
202,72.84195657037603,604.4547229710716,1191.6611816015102
203,72.47864673620217,604.4547229710716,1191.3716660589575
204,72.11714896257449,604.4547229710716,1396.510224147353
205,71.75745421157792,604.4547229710716,1344.1834392374592
206,71.39955349037533,604.4547229710716,1120.3193338978037
207,71.0434378509826,604.4547229710716,1281.4536989460353
208,70.68909839004509,604.4547229710716,1019.4746081540568
209,70.33652624861485,604.4547229710716,1082.991630561621
210,69.98571261192923,604.4547229710716,1339.0628682347892
211,69.63664870919051,604.4547229710716,1285.5479434909525
212,69.28932581334661,604.4547229710716,1265.7624131788234
213,68.94373524087285,604.4547229710716,1434.4020925305558
214,68.5998683515549,604.4547229710716,1334.3186036224938
215,68.25771654827278,604.4547229710716,1155.645725326876
216,67.91727127678588,604.4547229710716,1307.3005715620588
217,67.57852402551909,604.4547229710716,1249.0147009625994
218,67.24146632535003,604.4547229710716,1320.6330733334316
219,66.90608974939731,604.4547229710716,1323.14765160575
220,66.5723859128098,604.4547229710716,1197.7615116086902
221,66.24034647255708,604.4547229710716,1370.9193580200533
222,65.90996312722078,604.4547229710716,1340.0784462540284
223,65.58122761678702,604.4547229710716,1399.8207277143722
224,65.25413172244001,604.4547229710716,1253.2054370670887
225,64.92866726635647,604.4547229710716,1091.223423589817
226,64.60482611150118,604.4547229710716,1285.3316871633358
227,64.28260016142359,604.4547229710716,1187.9509765856023
228,63.961981360055354,604.4547229710716,1124.2905516291605
229,63.64296169150895,604.4547229710716,1273.4310194081977
230,63.32553317987725,604.4547229710716,1333.1072167681514
231,63.009687889034126,604.4547229710716,1269.7908415102515
232,62.69541792243605,604.4547229710716,1292.7998216262035
233,62.3827154229246,604.4547229710716,1317.2093223234579
234,62.07157257253012,604.4547229710716,1304.6568215510738
235,61.76198159227619,604.4547229710716,1330.3415627836084
236,61.453934741985194,604.4547229710716,1217.6789346654393
237,61.14742432008472,604.4547229710716,1361.450651405269
238,60.84244266341512,604.4547229710716,1246.3492958473637
239,60.538982147037835,604.4547229710716,1160.6084689282927
240,60.23703518404482,604.4547229710716,1131.2249501551937
241,59.93659422536881,604.4547229710716,1271.3782970887646
242,59.637651759594625,604.4547229710716,1183.9603304128755
243,59.34020031277135,604.4547229710716,1271.384329198233
244,59.0442324482255,604.4547229710716,1207.5664692685373
245,58.74974076637505,604.4547229710716,1355.503400044723
246,58.45671790454448,604.4547229710716,1189.7291973035885
247,58.165156536780714,604.4547229710716,1356.7709168622368
248,57.87504937366988,604.4547229710716,1281.7117927334687
249,57.58638916215515,604.4547229710716,1116.6865272536072
250,57.29916868535535,604.4547229710716,1394.2154596924854
251,57.01338076238456,604.4547229710716,1297.7285105826795
252,56.72901824817257,604.4547229710716,1278.821398409434
253,56.446074033286244,604.4547229710716,1266.299679021437
254,56.16454104375177,604.4547229710716,1258.8574590278458
255,55.884412240877815,604.4547229710716,1204.049172864076
256,55.605680621079536,604.4547229710716,1257.129223753122
257,55.328339215703494,604.4547229710716,1216.3864492456805
258,55.05238109085341,604.4547229710716,1292.0143713499995
259,54.77779934721683,604.4547229710716,1215.798948620691
260,54.50458711989261,604.4547229710716,1382.6936381176445
261,54.232737578219314,604.4547229710716,1299.7064183624343
262,53.96224392560441,604.4547229710716,1160.6325956066378
263,53.693099399354374,604.4547229710716,1252.8613624741174
264,53.425297270505546,604.4547229710716,1193.3836054343997
265,53.15883084365603,604.4547229710716,1145.7044211249229
266,52.89369345679814,604.4547229710716,1092.390095887471
267,52.62987848115199,604.4547229710716,1254.0335100116386
268,52.36737932099964,604.4547229710716,1270.7788326001985
269,52.10618941352029,604.4547229710716,1264.943918730726
270,51.84630222862613,604.4547229710716,1183.0184455560495
271,51.58771126879913,604.4547229710716,1144.7888111525363
272,51.330410068928586,604.4547229710716,1057.020005332977
273,51.07439219614945,604.4547229710716,1251.8120755326793
274,50.819651249681506,604.4547229710716,1232.2809655226317
275,50.56618086066942,604.4547229710716,1000.193250227563
276,50.313974692023386,604.4547229710716,1265.2068432840863
277,50.06302643826079,604.4547229710716,1382.2637756737558
278,49.81332982534852,604.4547229710716,1231.0340684455634
279,49.5648786105461,604.4547229710716,1159.4162735812522
280,49.31766658224965,604.4547229710716,1209.763168111224
281,49.07168755983655,604.4547229710716,1124.1817307328631
282,48.82693539351094,604.4547229710716,1243.0375562010277
283,48.583403964149966,604.4547229710716,1336.535367564164
284,48.34108718315077,604.4547229710716,1163.5666630414503
285,48.099978992278295,604.4547229710716,1191.678644479013
286,47.86007336351382,604.4547229710716,1135.7207415815158
287,47.621364298904226,604.4547229710716,1091.7227924075921
288,47.38384583041208,604.4547229710716,1110.6518180651738
289,47.14751201976636,604.4547229710716,1140.0691094758822
290,46.912356958314085,604.4547229710716,1192.271313904766
291,46.67837476687249,604.4547229710716,1163.3502717472759
292,46.445559595582125,604.4547229710716,1086.341340938423
293,46.213905623760546,604.4547229710716,1096.252795399847
294,45.9834070597568,604.4547229710716,1359.463601273069
295,45.754058140806656,604.4547229710716,1223.41867331062
296,45.525853132888486,604.4547229710716,1169.7774028146616
297,45.298786330579944,604.4547229710716,1006.448580748817
298,45.072852056915295,604.4547229710716,1211.245850492114
299,44.84804466324349,604.4547229710716,1061.7454872326957
300,44.62435852908697,604.4547229710716,1092.5862860878913
301,44.4017880620011,604.4547229710716,1069.3455171829794
302,44.180327697434386,604.4547229710716,1055.5894480182474
303,43.95997189858934,604.4547229710716,1073.8078673898744
304,43.74071515628405,604.4547229710716,1156.1330479289966
305,43.52255198881446,604.4547229710716,1081.0584227630409
306,43.305476941817304,604.4547229710716,1155.1953033431612
307,43.08948458813374,604.4547229710716,1054.531519420062
308,42.87456952767368,604.4547229710716,1061.5553468766027
309,42.660726387280754,604.4547229710716,1165.5108316605551
310,42.44794982059799,604.4547229710716,1282.551611491964
311,42.23623450793417,604.4547229710716,1006.3627564569518
312,42.02557515613079,604.4547229710716,1155.6309504422422
313,41.81596649842974,604.4547229710716,1190.3088962915517
314,41.60740329434163,604.4547229710716,1132.906249633352
315,41.3998803295148,604.4547229710716,1324.7132348694213
316,41.19339241560488,604.4547229710716,1080.3678588914331
317,40.98793439014516,604.4547229710716,1003.204397159719
318,40.78350111641747,604.4547229710716,897.7644982442799
319,40.58008748332376,604.4547229710716,1049.4780373187584
320,40.37768840525832,604.4547229710716,1103.4319018099206
321,40.17629882198065,604.4547229710716,984.3348008818152
322,39.97591369848893,604.4547229710716,1196.6554589008601
323,39.77652802489415,604.4547229710716,1120.0749886532756
324,39.57813681629483,604.4547229710716,1278.0783519908362
325,39.380735112652424,604.4547229710716,1184.5835733391193
326,39.1843179786673,604.4547229710716,1078.531730795537
327,38.98888050365534,604.4547229710716,1121.7136005270418
328,38.794417801425176,604.4547229710716,1013.8125274510055
329,38.60092501015604,604.4547229710716,1050.9064515736538
330,38.4083972922762,604.4547229710716,1212.36800846807
331,38.216829834342,604.4547229710716,1217.3270980789107
332,38.02621784691754,604.4547229710716,1075.1060432334116
333,37.836556564454945,604.4547229710716,1083.392827310956
334,37.647841245175165,604.4547229710716,1207.9036745641852
335,37.46006717094951,604.4547229710716,1118.6409959917253
336,37.27322964718159,604.4547229710716,1324.2742514050312
337,37.08732400269004,604.4547229710716,1088.0267151134585
338,36.902345589591654,604.4547229710716,947.719055180145
339,36.71828978318525,604.4547229710716,1189.8142218972591
340,36.535151981835995,604.4547229710716,1025.9365583606152
341,36.35292760686038,604.4547229710716,931.1460896101887
342,36.17161210241176,604.4547229710716,1071.5295160024743
343,35.99120093536641,604.4547229710716,1146.8667978459941
344,35.81168959521023,604.4547229710716,1192.173057636254
345,35.633073593925985,604.4547229710716,999.5164305135974
346,35.455348465881045,604.4547229710716,1013.0189537066415
347,35.27850976771579,604.4547229710716,1025.4865631985613
348,35.10255307823249,604.4547229710716,1138.1844623432303
349,34.92747399828479,604.4547229710716,1107.3617650017409
350,34.753268150667715,604.4547229710716,1198.337423409273
351,34.57993118000823,604.4547229710716,1066.108713738603
352,34.40745875265637,604.4547229710716,1189.8136338694462
353,34.235846556576846,604.4547229710716,1306.5026764595025
354,34.065090301241305,604.4547229710716,1210.7730099722223
355,33.89518571752101,604.4547229710716,1199.476944435179
356,33.72612855758013,604.4547229710716,1258.2660992757603
357,33.557914594769535,604.4547229710716,1063.2609933750696
358,33.3905396235211,604.4547229710716,999.7564822315235
359,33.223999459242606,604.4547229710716,952.6390881358222
360,33.0582899382131,604.4547229710716,1261.0496004383724
361,32.89340691747875,604.4547229710716,1011.0871109342878
362,32.72934627474936,604.4547229710716,902.8031051168117
363,32.56610390829522,604.4547229710716,1112.8304586349793
364,32.403675736844605,604.4547229710716,1161.2498334134646
365,32.24205769948173,604.4547229710716,1156.5980070222831
366,32.08124575554519,604.4547229710716,1069.8992559080825
367,31.92123588452701,604.4547229710716,908.315102382702
368,31.762024085972048,604.4547229710716,1030.5242780284561
369,31.603606379378025,604.4547229710716,1177.8633140421216
370,31.445978804095986,604.4547229710716,1067.7864015405364
371,31.289137419231306,604.4547229710716,892.3671607025013
372,31.13307830354513,604.4547229710716,1255.1775018025276
373,30.977797555356346,604.4547229710716,1053.8954356258766
374,30.82329129244406,604.4547229710716,1099.3629912833724
375,30.66955565195051,604.4547229710716,1116.9548561947247
376,30.516586790284496,604.4547229710716,961.5812769089481
377,30.364380883025277,604.4547229710716,1040.6708294791315
378,30.212934124826994,604.4547229710716,1083.5522490849958
379,30.062242729323472,604.4547229710716,991.2013406173764
380,29.91230292903362,604.4547229710716,1044.7609213733992
381,29.76311097526717,604.4547229710716,1126.0164424047668
382,29.614663138031013,604.4547229710716,1143.5571504105008
383,29.466955705935916,604.4547229710716,975.6155549814928
384,29.31998498610374,604.4547229710716,1161.023140325131
385,29.173747304075125,604.4547229710716,1150.677097223041
386,29.02823900371758,604.4547229710716,961.9895003504676
387,28.883456447134126,604.4547229710716,986.2637094732177
388,28.739396014572332,604.4547229710716,1003.0505917988155
389,28.596054104333785,604.4547229710716,1076.0324971609318
390,28.453427132684077,604.4547229710716,886.0745609010811
391,28.311511533763202,604.4547229710716,705.3236048992408
392,28.170303759496385,604.4547229710716,1115.5380605356456
393,28.029800279505405,604.4547229710716,1044.7607770912362
394,27.8899975810203,604.4547229710716,812.9449634650888
395,27.750892168791562,604.4547229710716,1169.9234281878369
396,27.612480565002762,604.4547229710716,1095.3791167352983
397,27.47475930918356,604.4547229710716,1021.1786698705821
398,27.337724958123232,604.4547229710716,1115.768268325578
399,27.201374085784565,604.4547229710716,1130.4021134610316
400,27.065703283218195,604.4547229710716,1112.43243199785
401,26.930709158477402,604.4547229710716,933.3478266782234
402,26.796388336533283,604.4547229710716,1010.4325280052335
403,26.66273745919038,604.4547229710716,960.8441981092152
404,26.529753185002736,604.4547229710716,1047.6140201803705
405,26.397432189190322,604.4547229710716,1127.13268522361
406,26.265771163555947,604.4547229710716,975.0703964048099
407,26.13476681640253,604.4547229710716,1077.1718275846813
408,26.004415872450792,604.4547229710716,975.9788089900868
409,25.874715072757414,604.4547229710716,1069.2582346854037
410,25.74566117463351,604.4547229710716,1035.098107732249
411,25.617250951563577,604.4547229710716,1156.7719137248328
412,25.48948119312483,604.4547229710716,966.3266312534774
413,25.362348704906935,604.4547229710716,844.0559194481547
414,25.23585030843214,604.4547229710716,1037.0329571146935
415,25.109982841075812,604.4547229710716,1022.46396810586
416,24.984743155987374,604.4547229710716,1012.0569571019073
417,24.860128122011616,604.4547229710716,1035.8688557707403
418,24.736134623610422,604.4547229710716,859.8710165272689
419,24.612759560784873,604.4547229710716,861.7794892912597
420,24.489999848997744,604.4547229710716,865.8343580388089
421,24.367852419096398,604.4547229710716,1003.5263756119974
422,24.246314217236023,604.4547229710716,872.9742206318606
423,24.12538220480332,604.4547229710716,859.3443940400161
424,24.0050533583405,604.4547229710716,1101.1988763871393
425,23.885324669469725,604.4547229710716,838.3277935686879
426,23.76619314481786,604.4547229710716,882.2088082244582
427,23.647655805941667,604.4547229710716,925.987962073167
428,23.52970968925332,604.4547229710716,840.3031031239124
429,23.41235184594632,604.4547229710716,906.4767350516687
430,23.295579341921762,604.4547229710716,876.4984951297599
431,23.179389257715,604.4547229710716,960.7637453675499
432,23.063778688422623,604.4547229710716,1035.7202755524684
433,22.948744743629863,604.4547229710716,1027.6790430361266
434,22.834284547338303,604.4547229710716,871.8860501807135
435,22.720395237894,604.4547229710716,979.8463781212872
436,22.607073967915913,604.4547229710716,936.0960919135608
437,22.49431790422473,604.4547229710716,939.0350049458058
438,22.38212422777204,604.4547229710716,1009.3041309079308
439,22.27049013356983,604.4547229710716,1052.2353252120072
440,22.159412830620386,604.4547229710716,784.6167188505839
441,22.0488895418465,604.4547229710716,971.9700510905217
442,21.938917504022026,604.4547229710716,843.6522035453731
443,21.829493967702827,604.4547229710716,925.5749609112677
444,21.720616197158005,604.4547229710716,981.2638914462606
445,21.61228147030152,604.4547229710716,862.2635779164067
446,21.50448707862414,604.4547229710716,877.8805756214803
447,21.397230327125705,604.4547229710716,978.5619615398707
448,21.29050853424776,604.4547229710716,865.56382120481
449,21.18431903180652,604.4547229710716,792.6378429741596
450,21.07865916492615,604.4547229710716,863.2003285878809
451,20.97352629197239,604.4547229710716,937.5673793040585
452,20.868917784486523,604.4547229710716,718.4081424156816
453,20.76483102711964,604.4547229710716,935.9763942797287
454,20.661263417567277,604.4547229710716,972.6754639780114
455,20.558212366504332,604.4547229710716,1058.0346652325888
456,20.45567529752034,604.4547229710716,977.8649339861001
457,20.353649647055057,604.4547229710716,1033.4922444602169
458,20.252132864334378,604.4547229710716,903.8355632171513
459,20.15112241130653,604.4547229710716,947.0070821706345
460,20.050615762578673,604.4547229710716,939.0771561389887
461,19.950610405353704,604.4547229710716,825.1214222418313
462,19.85110383936747,604.4547229710716,983.25399473266
463,19.752093576826258,604.4547229710716,1009.616221827101
464,19.653577142344574,604.4547229710716,814.359085831924
465,19.55555207288327,604.4547229710716,861.9971464993495
466,19.45801591768797,604.4547229710716,999.7818866086708
467,19.36096623822779,604.4547229710716,831.2366861330422
468,19.264400608134363,604.4547229710716,918.7954449742053
469,19.168316613141208,604.4547229710716,849.0565524366391
470,19.072711851023318,604.4547229710716,942.2537785731688
471,18.977583931537158,604.4547229710716,765.535799347344
472,18.88293047636087,604.4547229710716,897.0564398217538
473,18.788749119034822,604.4547229710716,839.138882691288
474,18.69503750490244,604.4547229710716,930.3234559880979
475,18.60179329105135,604.4547229710716,921.7256749617437
476,18.50901414625478,604.4547229710716,997.4325120377406
477,18.416697750913308,604.4547229710716,833.3852420806533
478,18.324841796996832,604.4547229710716,1026.6782140738637
479,18.233443987986895,604.4547229710716,871.789086591855
480,18.14250203881927,604.4547229710716,836.5804032460863
481,18.052013675826796,604.4547229710716,817.045106533209
482,17.961976636682568,604.4547229710716,732.1207116865976
483,17.872388670343376,604.4547229710716,713.9490664278753
484,17.7832475369934,604.4547229710716,731.1731956159904
485,17.69455100798823,604.4547229710716,726.5305114807048
486,17.606296865799145,604.4547229710716,732.8480846621052
487,17.518482903957672,604.4547229710716,771.7433821664638
488,17.43110692700042,604.4547229710716,745.2308286539334
489,17.344166750414185,604.4547229710716,855.8926966612303
490,17.25766020058135,604.4547229710716,816.5804343794632
491,17.171585114725517,604.4547229710716,852.6083300277388
492,17.085939340857458,604.4547229710716,790.6833007450379
493,17.00072073772131,604.4547229710716,855.8166478172635
494,16.915927174741025,604.4547229710716,847.3135852064325
495,16.831556531967106,604.4547229710716,756.4132013517011
496,16.747606700023635,604.4547229710716,820.7589428320564
497,16.66407558005549,604.4547229710716,934.1522358340839
498,16.580961083675902,604.4547229710716,854.2628303961488
499,16.498261132914237,604.4547229710716,831.1266248360106
500,16.41597366016404,604.4547229710716,826.7584779790723
501,16.334096608131333,604.4547229710716,857.0383034003866
502,16.252627929783213,604.4547229710716,731.6298733624495
503,16.171565588296623,604.4547229710716,773.1202271747165
504,16.090907557007483,604.4547229710716,815.9517670369244
505,16.010651819359975,604.4547229710716,779.6502022646018
506,15.930796368856157,604.4547229710716,755.8532157762809
507,15.85133920900578,604.4547229710716,723.4023720092376
508,15.772278353276384,604.4547229710716,796.7596978839385
509,15.693611825043627,604.4547229710716,837.7853713295403
510,15.615337657541867,604.4547229710716,785.964277744923
511,15.537453893814995,604.4547229710716,674.2100396969535
512,15.459958586667499,604.4547229710716,604.8645251926615
513,15.38284979861579,604.4547229710716,664.2633746124632
514,15.306125601839762,604.4547229710716,783.8678802188434
515,15.229784078134589,604.4547229710716,806.0788846610322
516,15.15382331886277,604.4547229710716,974.1313927814389
517,15.078241424906407,604.4547229710716,834.8725661575629
518,15.003036506619742,604.4547229710716,824.6914281369964
519,14.92820668378188,604.4547229710716,851.161636393516
520,14.85375008554982,604.4547229710716,735.5551828715307
521,14.779664850411645,604.4547229710716,754.4306268282668
522,14.705949126140009,604.4547229710716,841.3488164652102
523,14.632601069745817,604.4547229710716,734.1369969336074
524,14.559618847432155,604.4547229710716,739.0602945052016
525,14.487000634548423,604.4547229710716,918.0363327152348
526,14.414744615544741,604.4547229710716,884.3346409538219
527,14.342848983926551,604.4547229710716,831.0696736150701
528,14.271311942209438,604.4547229710716,890.4935948069142
529,14.200131701874213,604.4547229710716,847.3369572504944
530,14.129306483322177,604.4547229710716,724.9328288392301
531,14.05883451583064,604.4547229710716,692.8270864125411
532,13.988714037508654,604.4547229710716,723.6742971037778
533,13.918943295252953,604.4547229710716,762.9507611011101
534,13.849520544704127,604.4547229710716,846.3574669577484
535,13.780444050203014,604.4547229710716,764.2461313610731
536,13.711712084747305,604.4547229710716,722.9190904807635
537,13.643322929948361,604.4547229710716,642.7479277279433
538,13.575274875988267,597.5827598561187,612.517492586597
539,13.507566221577061,574.1152543349574,586.2673067068094
540,13.440195273910213,553.0184846944759,648.7886858409018
541,13.373160348626309,553.0184846944759,633.059925360049
542,13.306459769764926,553.0184846944759,698.7778386238497
543,13.240091869724738,553.0184846944759,669.3373740054552
544,13.174054989221826,553.0184846944759,615.6943422048874
545,13.108347477248184,553.0184846944759,677.29208049906
546,13.042967691030455,553.0184846944759,738.3496985123496
547,12.977913995988846,553.0184846944759,749.4058221106535
548,12.913184765696275,553.0184846944759,819.9152848720379
549,12.8487783818377,553.0184846944759,672.4892441339357
550,12.78469323416965,553.0184846944759,726.2698764799354
551,12.720927720479994,553.0184846944759,673.7077544176833
552,12.65748024654785,553.0184846944759,745.0907547421829
553,12.594349226103757,553.0184846944759,775.4022282755269
554,12.531533080789997,553.0184846944759,827.6583935561688
555,12.46903024012114,553.0184846944759,744.6129292564115
556,12.406839141444783,553.0184846944759,780.8434992636337
557,12.344958229902476,553.0184846944759,787.1272105037735
558,12.283385958390852,553.0184846944759,817.9109379346412
559,12.22212078752295,553.0184846944759,707.8098565321652
560,12.16116118558972,553.0184846944759,731.3006347767922
561,12.100505628521734,553.0184846944759,741.4673023086029
562,12.040152599851085,553.0184846944759,658.5719295312048
563,11.980100590673468,553.0184846944759,592.710469796908
564,11.920348099610456,553.0184846944759,734.1466687518918
565,11.860893632771967,553.0184846944759,685.6364451119603
566,11.80173570371891,553.0184846944759,648.6537215819143
567,11.742872833426029,553.0184846944759,602.9899253783317
568,11.684303550244914,553.0184846944759,647.0816826703984
569,11.626026389867226,553.0184846944759,696.835642133485
570,11.568039895288065,553.0184846944759,659.408482876997
571,11.510342616769563,553.0184846944759,676.0090024143421
572,11.452933111804626,553.0184846944759,682.2045591957744
573,11.395809945080872,553.0184846944759,630.31813212624
574,11.338971688444751,553.0184846944759,679.0467507646221
575,11.282416920865838,553.0184846944759,681.9582973683799
576,11.2261442284013,553.0184846944759,684.0246631849117
577,11.170152204160548,553.0184846944759,708.69964408385
578,11.114439448270067,553.0184846944759,647.8139149879736
579,11.059004567838416,553.0184846944759,695.3469919933134
580,11.003846176921398,553.0184846944759,620.08304774891
581,10.948962896487416,553.0184846944759,677.7851176560638
582,10.894353354382993,553.0184846944759,652.4415794778291
583,10.840016185298465,553.0184846944759,639.1981541064201
584,10.785950030733854,553.0184846944759,664.5437490243913
585,10.732153538964889,553.0184846944759,610.7704193301581
586,10.678625365009232,553.0184846944759,617.2949152843807
587,10.625364170592825,553.0184846944759,658.878141117283
588,10.572368624116457,553.0184846944759,683.7005955085561
589,10.519637400622459,553.0184846944759,634.7764623648227
590,10.467169181761578,553.0184846944759,635.8128647628581
591,10.414962655760023,553.0184846944759,701.171810091697
592,10.363016517386662,553.0184846944759,634.39070043152
593,10.311329467920395,553.0184846944759,630.5348099839482
594,10.259900215117682,553.0184846944759,609.0832294740688
595,10.208727473180232,553.0184846944759,606.4164587982874
596,10.157809962722867,553.0184846944759,618.3533563183252
597,10.107146410741517,553.0184846944759,590.7852850626971
598,10.056735550581417,553.0184846944759,570.0840453659664
599,10.006576121905416,553.0184846944759,591.4067719387081
600,9.956666870662485,553.0184846944759,582.4410757980978
601,9.907006549056355,553.0184846944759,722.6051906689639
602,9.857593915514318,553.0184846944759,792.8662007394092
603,9.808427734656194,553.0184846944759,666.8423485731897
604,9.75950677726344,553.0184846944759,652.1282124710353
605,9.710829820248419,553.0184846944759,676.0430997800225
606,9.662395646623821,553.0184846944759,630.1120396928853
607,9.61420304547224,553.0184846944759,695.8064450755875
608,9.566250811915886,553.0184846944759,662.3990696147039
609,9.518537747086487,553.0184846944759,617.0279590993911
610,9.471062658095288,553.0184846944759,615.6435412966305
611,9.423824358003248,553.0184846944759,636.1126023762554
612,9.376821665791352,553.0184846944759,632.6667320976615
613,9.330053406331091,546.3964151191733,577.4324660095778
614,9.283518410355077,546.3964151191733,637.2743350859992
615,9.237215514427819,546.3964151191733,649.7495623189527
616,9.191143560916622,546.3964151191733,623.0876358189093
617,9.145301397962658,546.3964151191733,562.3657554523768
618,9.09968787945216,485.7012362778072,491.64450586368025
619,9.054301864987767,485.7012362778072,516.3600268724812
620,9.009142219860026,485.7012362778072,537.4315471034896
621,8.964207815018995,485.7012362778072,524.3658729033685
622,8.919497527046047,485.7012362778072,598.625081573818
623,8.87501023812576,485.7012362778072,574.7327516411817
624,8.830744836017985,485.7012362778072,545.1890801636872
625,8.78670021403003,485.7012362778072,576.2573386414533
626,8.74287527098899,485.7012362778072,607.3636820234319
627,8.699268911214224,485.7012362778072,541.1822686947487
628,8.655880044489955,485.7012362778072,569.2597034029421
629,8.612707586038017,485.7012362778072,524.2047948705961
630,8.56975045649073,485.7012362778072,533.8038650311377
631,8.527007581863923,485.7012362778072,532.5425784060914
632,8.48447789353007,485.7012362778072,541.3136611780614
633,8.442160328191582,485.7012362778072,524.8453004011117
634,8.400053827854222,485.7012362778072,511.6775911427624
635,8.358157339800657,485.7012362778072,544.4063723679662
636,8.316469816564126,485.7012362778072,550.8092622378775
637,8.274990215902266,485.7012362778072,533.2383645868838
638,8.233717500771046,485.7012362778072,536.2428286026537
639,8.192650639298849,485.7012362778072,584.3674410234069
640,8.15178860476066,485.7012362778072,578.6079830864203
641,8.111130375552406,485.7012362778072,622.3973632555007
642,8.070674935165417,485.7012362778072,534.1872488099584
643,8.030421272161004,485.7012362778072,534.7290699419871
644,7.990368380145174,485.7012362778072,525.1212992827038
645,7.950515257743474,485.7012362778072,526.5574121278833
646,7.910860908575948,485.7012362778072,576.290115107089
647,7.87140434123223,485.7012362778072,549.2882566685508
648,7.83214456924676,485.7012362778072,571.5251088701875
649,7.793080611074117,485.7012362778072,593.7102165290477
650,7.754211490064478,485.7012362778072,551.8679884841002
651,7.715536234439205,485.7012362778072,544.4437952192598
652,7.6770538772665455,485.7012362778072,556.5058917661007
653,7.638763456437464,485.7012362778072,509.5911448433172
654,7.600664014641575,485.7012362778072,514.9578373332774
655,7.5627545993432275,485.7012362778072,588.9074709790692
656,7.525034262757672,485.7012362778072,522.5907677991993
657,7.48750206182738,485.7012362778072,499.32047271221325
658,7.45015705819845,485.50238481050457,485.50238481050457
659,7.41299831819717,485.50238481050457,505.45850563969225
660,7.376024912806647,485.50238481050457,511.20747141449147
661,7.339235917643607,485.50238481050457,556.8563455140244
662,7.302630412935263,485.50238481050457,517.4729889938343
663,7.2662074834963315,485.50238481050457,552.042599932018
664,7.22996621870615,485.50238481050457,567.0131659547874
665,7.193905712485907,485.50238481050457,529.8495193191538
666,7.158025063275991,485.50238481050457,499.01161626475215
667,7.122323374013451,485.50238481050457,512.6603263914219
668,7.086799752109563,485.50238481050457,532.6148738098365
669,7.051453309427526,485.50238481050457,507.7104973221232
670,7.016283162260245,485.50238481050457,503.60956711066484
671,6.981288431308244,485.50238481050457,512.9515657936494
672,6.946468241657683,484.08059987184623,498.85495070576866
673,6.911821722758478,484.08059987184623,504.66525458609834
674,6.877348008402542,484.08059987184623,502.05298829056613
675,6.843046236702126,484.08059987184623,501.8288245903101
676,6.8089155500682725,474.99757941005873,480.2263659773878
677,6.774955095189372,474.99757941005873,478.6497845417831
678,6.741164023009831,474.99757941005873,482.22523529869915
679,6.707541488708844,468.47467961794115,485.40690006743836
680,6.674086651679273,468.47467961794115,528.6440451065614
681,6.640798675506628,468.47467961794115,541.1469537360184
682,6.607676727948158,458.3743333852212,458.8964157761626
683,6.574719980912047,458.3743333852212,484.1416388268396
684,6.541927610436702,458.3743333852212,475.94353750404474
685,6.509298796670164,458.3743333852212,492.99656015810774
686,6.476832723849599,458.3743333852212,526.5710749832442
687,6.4445285802809105,458.3743333852212,487.23416933701304
688,6.4123855583184435,458.3743333852212,473.25414803722697
689,6.380402854344798,458.3743333852212,485.14118102354865
690,6.348579668750727,458.3743333852212,483.91105741205996
691,6.3169152059151505,458.3743333852212,492.1791816203135
692,6.285408674185266,458.3743333852212,479.4451961411463
693,6.254059285856757,458.3743333852212,506.77724677990557
694,6.222866257154091,458.3743333852212,493.04234530830837
695,6.191828808210934,458.3743333852212,492.26448232423417
696,6.160946163050646,458.3743333852212,482.83550323171164
697,6.130217549566885,458.3743333852212,497.8973080223217
698,6.0996421995043,458.3743333852212,475.77098784973884
699,6.069219348439328,458.3743333852212,508.7221249537907
700,6.038948235761075,458.3743333852212,504.7348127259093
701,6.008828104652308,458.3743333852212,511.7103292561568
702,5.978858202070528,458.3743333852212,505.4904066972196
703,5.949037778729145,458.3743333852212,503.4405801774808
704,5.919366089078745,458.3743333852212,469.5558048666902
705,5.889842391288451,458.3743333852212,474.5154829030946
706,5.860465947227373,450.4848399344318,450.4848399344318
707,5.831236022446156,450.36419170475733,462.1171706455524
708,5.802151886158621,450.36419170475733,451.83544369269475
709,5.773212811223488,450.36419170475733,474.3550619751238
710,5.744418074126201,450.36419170475733,463.7932701105425
711,5.715766954960837,450.36419170475733,482.27433629137994
712,5.68725873741211,450.36419170475733,461.9956626752127
713,5.658892708737459,450.36419170475733,451.04557442705027
714,5.630668159749229,437.9104009832398,444.4138456270939
715,5.602584384796945,437.9104009832398,450.19020602797525
716,5.5746406817496625,437.81829654930425,441.4938782839039
717,5.54683635197842,437.81829654930425,450.6337099603156
718,5.519170700338766,437.81829654930425,454.4956529370785
719,5.491643035153387,437.81829654930425,452.8804671171601
720,5.464252668194805,435.40643269694715,473.35889011045344
721,5.436998914668184,435.40643269694715,489.86809856366636
722,5.409881093194195,435.40643269694715,490.4202231864393
723,5.38289852579199,435.40643269694715,513.0847234974437
724,5.356050537862249,435.40643269694715,505.564126887205
725,5.329336458170314,435.40643269694715,515.2686607915493
726,5.302755618829406,435.40643269694715,532.8930458659802
727,5.27630735528393,435.40643269694715,532.6032448919412
728,5.249991006292859,435.40643269694715,502.35938957223846
729,5.223805913913199,435.40643269694715,492.9966263648057
730,5.197751423483544,435.40643269694715,472.45466449375914
731,5.171826883607706,435.40643269694715,470.02293209281595
732,5.1460316461384314,435.40643269694715,480.2206047679044
733,5.120365066161195,435.40643269694715,484.9920562986275
734,5.0948265019780745,435.40643269694715,483.2308431769557
735,5.06941531509171,435.40643269694715,458.4097780800538
736,5.044130870189342,435.40643269694715,497.70793957469976
737,5.018972535126923,435.40643269694715,483.9453109572472
738,4.993939680913316,435.40643269694715,485.72496969748147
739,4.96903168169457,435.40643269694715,510.22566690012314
740,4.944247914738271,435.40643269694715,476.88576240587724
741,4.919587760417972,435.40643269694715,490.71505919344486
742,4.8950506021977045,435.40643269694715,471.21110325491827
743,4.870635826616561,435.40643269694715,475.54507199145826
744,4.846342823273362,435.40643269694715,453.36853195887966
745,4.8221709848113905,435.40643269694715,447.69563743311807
746,4.798119706903209,435.40643269694715,470.4262953616566
747,4.774188388235552,435.40643269694715,461.6445249633682
748,4.75037643049429,435.40643269694715,456.8665209006242
749,4.726683238349474,435.40643269694715,457.648293796716
750,4.703108219440447,435.40643269694715,458.4100650832075
751,4.679650784361041,435.40643269694715,446.2767132846558
752,4.65631034664483,426.1441871505648,426.1441871505648
753,4.633086322750481,424.81507638093814,444.762396207211
754,4.6099781320471545,424.81507638093814,439.49540052812443
755,4.586985196799994,424.81507638093814,443.0970057252542
756,4.564106942155677,424.81507638093814,431.50314886013115
757,4.541342796128047,424.81507638093814,433.9095709137345
758,4.518692189583811,424.81507638093814,441.14375677771585
759,4.496154556228311,424.81507638093814,443.41064664986766
760,4.473729332591366,424.81507638093814,447.689394217306
761,4.451415958013183,424.81507638093814,448.857015337462
762,4.429213874630344,424.81507638093814,442.31137789787186
763,4.407122527361854,424.81507638093814,447.7460787617763
764,4.385141363895264,424.81507638093814,437.73173415026076
765,4.363269834672864,424.81507638093814,430.4494099658509
766,4.341507392877946,424.81507638093814,445.11199285622797
767,4.3198534944211255,424.81507638093814,460.14422207410524
768,4.298307597926746,424.81507638093814,474.7771599605706
769,4.2768691647193355,424.81507638093814,464.29530361020346
770,4.2555376588101534,424.81507638093814,461.33011890913673
771,4.23431254688377,424.81507638093814,454.72556659714974
772,4.213193298284753,424.81507638093814,452.57544861038633
773,4.192179385004384,424.81507638093814,459.8456532449104
774,4.1712702816674705,424.81507638093814,448.4273869514286
775,4.1504654655192,424.81507638093814,450.2762713348911
776,4.12976441641208,424.81507638093814,450.3174846692276
777,4.109166616792925,424.81507638093814,447.0097566700924
778,4.088671551689925,424.81507638093814,443.41545000688853
779,4.068278708699764,424.81507638093814,433.73642462886494
780,4.047987577974812,424.81507638093814,427.4700994462098
781,4.0277976522103796,424.81507638093814,431.9740260882056
782,4.007708426632034,424.81507638093814,427.96892108294304
783,3.9877193989829736,424.81507638093814,427.96892108294304
784,3.967830069511481,424.81507638093814,427.96892108294304
785,3.94803994095842,424.81507638093814,432.17988072014094
786,3.928348518544807,424.81507638093814,432.1798807201409
787,3.908755309959439,424.430417439988,424.430417439988
788,3.8892598253465906,423.75529129896444,423.75529129896444
789,3.8698615772937597,423.75529129896444,427.61723427572736
790,3.850560080819485,421.664129835801,421.6641298358011
791,3.831354853361222,421.664129835801,422.0576220248671
792,3.812245414763276,421.664129835801,422.05762202486716
793,3.7932312872647986,421.664129835801,424.0433400489607
794,3.7743119954878432,421.664129835801,429.6304065748936
795,3.7554870664254802,421.664129835801,429.2369143858275
796,3.736756029429969,421.664129835801,440.65316638425463
797,3.7181184162009955,421.664129835801,441.4063326583718
798,3.6995737607739594,421.664129835801,439.24343391924924
799,3.6811215995083275,421.664129835801,435.20652369720545
800,3.6627614710760406,421.664129835801,434.19949607393727
801,3.6444929164499804,421.664129835801,431.16039894603375
802,3.626315478892493,421.664129835801,431.16039894603375
803,3.6082287039439693,421.664129835801,435.68102833844443
804,3.5902321394114844,421.664129835801,436.55308409019096
805,3.572325335357491,421.664129835801,437.9667491069533
806,3.55450784408857,421.664129835801,440.59958844671655
807,3.5367792201442385,421.664129835801,442.9733506865076
808,3.5191390202858135,421.664129835801,440.7527111028186
809,3.5015868034853286,421.664129835801,445.80083155601875
810,3.484122130914507,421.664129835801,449.69874990634696
811,3.4667445659337934,421.664129835801,445.8008315560188
812,3.449453674081436,421.664129835801,442.3984660625331
813,3.4322490230626217,421.664129835801,442.96719093414305
814,3.415130182738673,421.664129835801,455.9759472992797
815,3.3980967251162912,421.664129835801,471.9349798501035
816,3.3811482243368536,421.664129835801,468.9812561037124
817,3.364284256665774,421.664129835801,441.4866116280235
818,3.347504400481899,421.664129835801,435.82244634105905
819,3.330808236266976,421.664129835801,435.26788079473204
820,3.3141953465951572,421.664129835801,431.1184651656664
821,3.297665316122569,421.664129835801,431.4699734887418
822,3.281217731576925,421.664129835801,437.6401173933662
823,3.264852181747195,421.664129835801,431.71915505400466
824,3.2485682574733223,421.664129835801,437.3421601311793
825,3.232365551635996,421.664129835801,433.84285114720257
826,3.216243659146473,421.664129835801,433.84285114720257
827,3.200202176936446,421.664129835801,434.26887462898304
828,3.1842407039479728,421.664129835801,439.66280593324257
829,3.1683588411234442,421.664129835801,440.18488832418393
830,3.1525561913956093,421.664129835801,441.4009593272885
831,3.1368323596776464,421.664129835801,438.1337607521817
832,3.12118695285329,421.664129835801,433.7234774222051
833,3.1056195797669948,421.664129835801,423.45596186644934
834,3.090129851214164,421.664129835801,427.2642262066099
835,3.074717379931413,421.664129835801,435.2671716028174
836,3.0593817805868913,421.664129835801,435.5413031913923
837,3.0441226697706454,421.664129835801,439.4995647494963
838,3.0289396659850354,421.664129835801,431.34349669718665
839,3.013832389635197,421.664129835801,430.91747321540623
840,2.998800463019548,421.664129835801,431.0385610538989
841,2.9838435103203507,421.664129835801,441.3165883086062
842,2.9689611575943102,421.664129835801,437.3114833033436
843,2.954153032763231,421.664129835801,437.5606648686065
844,2.939418765604709,421.664129835801,430.3691048959625
845,2.924757987742878,421.664129835801,424.9048477426398
846,2.910170332639203,421.664129835801,429.04181755021864
847,2.8956554355833104,421.664129835801,429.8959895514135
848,2.881212933683873,421.664129835801,429.8959895514135
849,2.866842465859537,421.664129835801,436.35446536135544
850,2.852543672829895,421.664129835801,438.6213552335072
851,2.838316197106501,421.664129835801,438.52529632434636
852,2.8241596829839373,421.664129835801,430.7398054798778
853,2.8100737765309156,421.664129835801,426.56291599722437
854,2.796058125581433,421.664129835801,428.42754618282544
855,2.782112379725966,421.664129835801,426.06409436049125
856,2.7682361903027077,421.664129835801,426.31327592575417
857,2.7544292103888544,421.664129835801,422.08088277907524
858,2.74069109479193,421.664129835801,427.11383209645726
859,2.727021500041155,421.664129835801,426.53476486459454
860,2.71342008437886,421.664129835801,433.8713920351343
861,2.6998865077519434,421.664129835801,432.33208035936394
862,2.6864204318033673,421.664129835801,432.332080359364
863,2.673021519863697,421.664129835801,432.8289947857068
864,2.6596894369426876,421.664129835801,438.09599046479343
865,2.646423849720905,421.664129835801,432.6759510356246
866,2.6332244265413958,421.664129835801,432.67595103562456
867,2.620090837401392,421.664129835801,432.1790366092817
868,2.6070227539440642,421.664129835801,438.0255697915965
869,2.594019849450309,421.664129835801,433.3539310725069
870,2.581081798830582,421.664129835801,426.66586797479096
871,2.5682082786167704,421.664129835801,431.06446516911956
872,2.555398966954107,421.664129835801,432.61885767226266
873,2.5426535435931186,421.664129835801,442.695334981809
874,2.5299716898816262,421.664129835801,443.771196951767
875,2.5173530887567734,421.664129835801,454.8855476299138
876,2.5047974247371,421.664129835801,430.6266825315374
877,2.4923043839146573,421.664129835801,436.96582413784483
878,2.4798736539471555,421.664129835801,435.6536942255795
879,2.4675049240501603,421.664129835801,435.65369422557944
880,2.455197884989317,421.664129835801,435.7948066306404
881,2.442952229072625,421.664129835801,433.94683364029777
882,2.4307676501427395,421.664129835801,443.3689372652163
883,2.418643843569322,421.664129835801,436.77105593233756
884,2.4065805062414203,421.664129835801,432.3728141477517
885,2.394577336559894,421.664129835801,429.80365827829263
886,2.3826340344298704,421.664129835801,427.93902809269173
887,2.370750301253245,421.664129835801,436.8623100808769
888,2.358925839921213,421.664129835801,430.54515103162566
889,2.3471603548068454,421.664129835801,431.4813977485191
890,2.3354535517576926,421.664129835801,426.5605385271238
891,2.3238051380884355,421.664129835801,428.13711996272843
892,2.3122148225735635,421.664129835801,426.5605385271238
893,2.300682315440097,421.664129835801,427.4958088189268
894,2.2892073283603396,421.664129835801,432.41666804032207
895,2.277789574444674,421.55880038813393,421.55880038813393
896,2.2664287682343836,421.55880038813393,421.5913316808484
897,2.2551246256945197,421.16530819906785,421.16530819906785
898,2.2438768642067997,421.16530819906785,426.0481552035054
899,2.23268520256254,421.16530819906785,428.0541039756042
900,2.221549360955626,421.16530819906785,427.1292588570904
901,2.2104690609755173,421.16530819906785,424.5851319169632
902,2.1994440256002856,421.16530819906785,424.68119082612407
903,2.1884739791896917,421.16530819906785,427.12925885709046
904,2.177558647478289,421.16530819906785,425.3888891969843
905,2.1666977575685733,421.16530819906785,422.4836455066477
906,2.1558910379241527,421.16530819906785,421.98482386991446
907,2.1451382183629653,421.16530819906785,422.08088277907524
908,2.134439030050519,421.16530819906785,427.12925885709046
909,2.1237932054931754,421.16530819906785,427.2503466955832
910,2.113200478531458,421.16530819906785,440.6539956535596
911,2.1026605843333988,421.16530819906785,442.22845764994315
912,2.092173259387919,421.16530819906785,424.9298766719716
913,2.0817382414982384,421.16530819906785,424.6267778943262
914,2.0713552697753226,421.16530819906785,431.93942570546295
915,2.0610240846313572,421.16530819906785,434.3937762665936
916,2.050744427773262,421.16530819906785,436.800198320197
917,2.04051604219623,421.16530819906785,431.5434091200898
918,2.030338672177302,421.16530819906785,434.82691174749993
919,2.0202120632689753,421.16530819906785,427.65310942315557
920,2.0101359622928414,421.16530819906785,427.65310942315557
921,2.000110117333255,421.16530819906785,424.74786573281887
922,1.9901342777310367,421.16530819906785,423.75529129896444
923,1.9802081940772074,421.16530819906785,423.7552912989644
924,1.9703316182067498,421.16530819906785,422.05762202486716
925,1.9605043031924063,421.16530819906785,423.2314407328994
926,1.9507260033385054,421.16530819906785,423.2314407328993
927,1.9409964741748178,421.16530819906785,428.9452556000363
928,1.931315472450445,421.16530819906785,429.066343438529
929,1.921682756127738,421.16530819906785,426.7033946572163
930,1.9120980843762458,421.16530819906785,426.70339465721634
931,1.9025612175666933,421.16530819906785,421.67988822662653
932,1.8930719172649921,421.16530819906785,421.67988822662653
933,1.8836299462262784,421.16530819906785,421.7759471357874
934,1.8742350683889815,421.16530819906785,425.217158756993
935,1.8648870488689215,421.16530819906785,425.217158756993
936,1.8555856539534386,421.16530819906785,426.90183040981304
937,1.8463306510955475,421.16530819906785,421.5588003881339
938,1.8371218089081254,421.16530819906785,421.67988822662653
939,1.8279588971581269,421.16530819906785,422.17870986335976
940,1.8188416867608266,421.16530819906785,422.17870986335987
941,1.8097699497740922,421.16530819906785,422.17870986335987
942,1.8007434593926868,421.16530819906785,422.4836455066477
943,1.7917619899425967,421.16530819906785,422.4836455066477
944,1.782825316875391,421.16530819906785,422.4836455066477
945,1.7739332167626056,421.16530819906785,422.4836455066477
946,1.765085467290159,421.16530819906785,425.38888919698434
947,1.7562818472527935,421.16530819906785,425.7590796947201
948,1.7475221365485443,421.16530819906785,428.01142486659865
949,1.7388061161732378,421.16530819906785,424.2196445532511
950,1.730133568215015,421.16530819906785,422.35501436765014
951,1.7215042758488834,421.16530819906785,422.35501436765014
952,1.7129180233312982,421.16530819906785,422.3550143676502
953,1.7043745959947647,421.16530819906785,421.7759471357874
954,1.695873780242476,421.16530819906785,421.7759471357874
955,1.6874153635429683,421.16530819906785,424.5271139443993
956,1.6789991344248103,421.16530819906785,425.0259355811325
957,1.6706248824713146,421.16530819906785,425.0259355811325
958,1.662292398315278,421.16530819906785,426.89056576673346
959,1.6540014736337463,421.16530819906785,426.89056576673346
960,1.6457519011428068,421.16530819906785,427.1955014100213
961,1.6375434745924047,421.16530819906785,431.84834476337755
962,1.629375988761188,421.16530819906785,436.8816294650224
963,1.6212492394513758,421.16530819906785,436.455605983242
964,1.6131630234836523,421.16530819906785,436.55166489240275
965,1.6051171386920902,421.16530819906785,428.599935466851
966,1.5971113839190914,421.16530819906785,428.95594486493906
967,1.5891455590103627,421.16530819906785,431.4021760302629
968,1.581219464809909,421.16530819906785,434.013761831921
969,1.5733329031550538,421.16530819906785,438.8252222104626
970,1.5654856768714864,421.16530819906785,433.81031651716796
971,1.5576775897683315,421.16530819906785,427.8572120772417
972,1.549908446633244,421.16530819906785,424.0508424123434
973,1.5421780532275295,421.16530819906785,423.9547835031826
974,1.5344862162812862,421.16530819906785,423.55202077561023
975,1.5268327434885753,421.16530819906785,426.3601193729128
976,1.51921744350261,421.16530819906785,426.2640604637519
977,1.5116401259309755,421.16530819906785,426.26406046375183
978,1.504100601330865,421.16530819906785,426.26406046375183
979,1.4965986812043464,421.16530819906785,425.0528013761067
980,1.4891341779936471,421.16530819906785,425.05280137610674
981,1.4817069050764682,421.16530819906785,422.48364550664763
982,1.4743166767613145,421.16530819906785,422.48364550664763
983,1.466963308282855,421.16530819906785,422.25895545848925
984,1.4596466157973031,421.16530819906785,421.8654632694231
985,1.452366416377819,421.16530819906785,421.3824549467213
986,1.4451225280099371,421.16530819906785,421.26136710822857
987,1.4379147695870158,421.1653081990677,421.1653081990677
988,1.430742960905709,421.1653081990677,421.8654632694233
989,1.423606922661461,421.1653081990677,421.86546326942323
990,1.4165064764440232,421.1653081990677,421.5913316808484
991,1.4094414447329946,421.1653081990677,425.5639053933964
992,1.4024116508933826,421.1653081990677,421.65485929729465
993,1.3954169191711878,421.1653081990677,426.15878593929057
994,1.3884570746890086,421.1653081990677,421.76018874496197
995,1.38153194344167,421.1653081990677,423.1259972938297
996,1.3746413522918737,421.1653081990677,423.1259972938296
997,1.3677851289658685,421.1653081990677,423.9547835031826
998,1.3609631020491428,421.1653081990677,424.2289150917575
999,1.354175100982141,421.1653081990677,424.2289150917574